{
  "project_info": {
    "project_number": "1036912296091",
    "firebase_url": "https://taskapp-6c4db.firebaseio.com",
    "project_id": "taskapp-6c4db",
    "storage_bucket": "taskapp-6c4db.appspot.com"
  },
  "client": [
    {
      "client_info": {
        "mobilesdk_app_id": "1:1036912296091:android:4cb697bd2fbfdd958a863e",
        "android_client_info": {
          "package_name": "com.example.taskapp"
        }
      },
      "oauth_client": [
        {
          "client_id": "1036912296091-s4pchgjb0vghulv107gotskgs8gsdiua.apps.googleusercontent.com",
          "client_type": 3
        }
      ],
      "api_key": [
        {
          "current_key": "AIzaSyB4BhsXWzwOItsGuu48pN8O3SumZ5_9YHw"
        }
      ],
      "services": {
        "appinvite_service": {
          "other_platform_oauth_client": [
            {
              "client_id": "1036912296091-s4pchgjb0vghulv107gotskgs8gsdiua.apps.googleusercontent.com",
              "client_type": 3
            }
          ]
        }
      }
    }
  ],
  "configuration_version": "1"
}